title,content
"Why wait in line?
Book Appointment Online with Nabil Appointment Banking",Book Appointment Online with Nabil Appointment Banking
"Why wait in line?
Book Appointment Online with Nabil Appointment Banking",Book Appointment Online with Nabil Appointment Banking
"Why wait in line?
Book Appointment Online with Nabil Appointment Banking",Book Appointment Online with Nabil Appointment Banking
"Why wait in line?
Book Appointment Online with Nabil Appointment Banking",Book Appointment Online with Nabil Appointment Banking
We can help you achieve your goals,Nabil Premium Remittance Savings Account
We can help you achieve your goals,Nabil Premium Remittance Savings Account
We can help you achieve your goals,Nabil Premium Remittance Savings Account
We can help you achieve your goals,We can help you
We can help you achieve your goals,We can help you
Bank from everywhere,everywhere
Bank from everywhere,everywhere
Bank from everywhere,everywhere
Bank from everywhere,everywhere
